name,long,lat
Acanthemblemaria aspera,-86.996629,20.443628
Acanthemblemaria aspera,-82.95745,24.65183
Acanthemblemaria aspera,-83.00943,24.70013
Acanthemblemaria aspera,-82.9479,24.54353
Acanthemblemaria aspera,-82.99314,24.68375
Acanthemblemaria aspera,-82.85821,24.66312
Acanthemblemaria aspera,-82.90421,24.57709
Acanthemblemaria aspera,-83.00891,24.69718
Acanthemblemaria aspera,-82.81067,24.66872
Acanthemblemaria aspera,-82.80654,24.72403
Acanthemblemaria aspera,-82.92688,24.58207
Acanthemblemaria aspera,-82.92727,24.58163
Acanthemblemaria aspera,-82.95334,24.54777
Acanthemblemaria aspera,-82.93536,24.55096
Acanthemblemaria aspera,-82.93345,24.63338
Acanthemblemaria aspera,-82.86242,24.62097
Acanthemblemaria aspera,-82.81653,24.71864
Acanthemblemaria aspera,-82.88096,24.59167
Acanthemblemaria aspera,-82.88846,24.58297
Acanthemblemaria aspera,-82.78807,24.72353
Acanthemblemaria aspera,-83.02176,24.66657
Acanthemblemaria aspera,-82.81782,24.72474
Acanthemblemaria aspera,-82.87087,24.59766
Acanthemblemaria aspera,-82.99144,24.67719
Acanthemblemaria aspera,-83.01121,24.69374
Acanthemblemaria aspera,-82.90414,24.57722
Acanthemblemaria aspera,-82.79827,24.72661
Acanthemblemaria aspera,-82.98378,24.70396
Acanthemblemaria aspera,-82.8719,24.60679
Acanthemblemaria aspera,-82.9284,24.55088
Acanthemblemaria aspera,-82.93111,24.61138
Acanthemblemaria aspera,-82.80542,24.71759
Acanthemblemaria aspera,-82.81,24.72742
Acanthemblemaria aspera,-82.95708,24.64759
Acanthemblemaria aspera,-82.81803,24.72703
Acanthemblemaria aspera,-82.80657,24.72401
Acanthemblemaria aspera,-82.95765,24.6517
Acanthemblemaria aspera,-82.95693,24.64763
Acanthemblemaria aspera,-82.8225,24.65445
Acanthemblemaria aspera,-82.99974,24.69778
Acanthemblemaria aspera,-82.85437,24.72285
Acanthemblemaria aspera,-82.92924,24.64414
Acanthemblemaria aspera,-83.01299,24.68566
Acanthemblemaria aspera,-82.87161,24.59852
Acanthemblemaria aspera,-82.87232,24.60006
Acanthemblemaria aspera,-82.97283,24.61905
Acanthemblemaria aspera,-82.844,24.7132
Acanthemblemaria aspera,-82.9335,24.63332
Acanthemblemaria aspera,-82.81659,24.71884
Acanthemblemaria aspera,-82.78785,24.72367
Acanthemblemaria aspera,-82.85004,24.72208
Acanthemblemaria aspera,-82.8532,24.72291
Acanthemblemaria aspera,-82.871,24.61019
Acanthemblemaria aspera,-82.99981,24.69761
Acanthemblemaria aspera,-83.00891,24.69718
Acanthemblemaria aspera,-82.96069,24.64911
Acanthemblemaria aspera,-82.87334,24.60037
Acanthemblemaria aspera,-82.94632,24.58861
Acanthemblemaria aspera,-82.96955,24.61997
Acanthemblemaria aspera,-82.88764,24.5864
Acanthemblemaria aspera,-82.96273,24.62478
Acanthemblemaria aspera,-82.94522,24.6311
Acanthemblemaria aspera,-82.97281,24.61894
Acanthemblemaria aspera,-82.93549,24.55095
Acanthemblemaria aspera,-82.92519,24.56931
Acanthemblemaria aspera,-82.87435,24.59145
Acanthemblemaria aspera,-82.92463,24.57066
Acanthemblemaria aspera,-82.8575,24.63131
Acanthemblemaria aspera,-82.99448,24.6772
Acanthemblemaria aspera,-82.85444,24.72297
Acanthemblemaria aspera,-82.95505,24.65239
Acanthemblemaria aspera,-82.93293,24.60877
Acanthemblemaria aspera,-82.80547,24.71769
Acanthemblemaria aspera,-82.86854,24.65717
Acanthemblemaria aspera,-82.8708,24.59758
Acanthemblemaria aspera,-82.98184,24.6933
Acanthemblemaria aspera,-82.80981,24.66948
Acanthemblemaria aspera,-83.02558,24.67969
Acanthemblemaria aspera,-82.85898,24.62863
Acanthemblemaria aspera,-82.80421,24.72275
Acanthemblemaria aspera,-82.94641,24.58856
Acanthemblemaria aspera,-82.78425,24.72298
Acanthemblemaria aspera,-82.92468,24.57056
Acanthemblemaria aspera,-82.81198,24.66263
Acanthemblemaria aspera,-82.81432,24.72439
Acanthemblemaria aspera,-82.82244,24.6544
Acanthemblemaria aspera,-82.86656,24.65791
Acanthemblemaria aspera,-82.84209,24.68827
Acanthemblemaria aspera,-82.99547,24.69744
Acanthemblemaria aspera,-83.02019,24.67841
Acanthemblemaria aspera,-82.86137,24.7017
Acanthemblemaria aspera,-82.94263,24.62953
Acanthemblemaria aspera,-82.80673,24.7198
Acanthemblemaria aspera,-82.8708,24.59758
Acanthemblemaria aspera,-82.94338,24.58925
Acanthemblemaria aspera,-82.85609,24.63791
Acanthemblemaria aspera,-82.99505,24.6789
Acanthemblemaria aspera,-82.81659,24.71884
Acanthemblemaria aspera,-82.87096,24.61007
Acanthemblemaria aspera,-82.87371,24.60276
Acanthemblemaria aspera,-82.99718,24.6984
Acanthemblemaria aspera,-83.0244,24.66155
Acanthemblemaria aspera,-82.85309,24.72283
Acanthemblemaria aspera,-82.94097,24.56519
Acanthemblemaria aspera,-82.87287,24.66716
Acanthemblemaria aspera,-82.99839,24.69556
Acanthemblemaria aspera,-82.94105,24.56527
Acanthemblemaria aspera,-82.81426,24.72437
Acanthemblemaria aspera,-82.87223,24.59995
Acanthemblemaria aspera,-83.02558,24.67969
Acanthemblemaria aspera,-82.86125,24.70163
Acanthemblemaria aspera,-82.86258,24.62085
Acanthemblemaria aspera,-82.844,24.7132
Acanthemblemaria aspera,-82.96538,24.62957
Acanthemblemaria aspera,-82.8708,24.59758
Acanthemblemaria aspera,-82.87433,24.59156
Acanthemblemaria aspera,-83.01337,24.701
Acanthemblemaria aspera,-82.92835,24.55083
Acanthemblemaria aspera,-82.8666,24.65804
Acanthemblemaria aspera,-82.80435,24.72624
Acanthemblemaria aspera,-82.9025,24.61115
Acanthemblemaria aspera,-82.93714,24.63027
Acanthemblemaria aspera,-82.87341,24.600460000000002
Acanthemblemaria aspera,-82.92947,24.61359
Acanthemblemaria aspera,-83.02019,24.67841
Acanthemblemaria aspera,-82.99505,24.6789
Acanthemblemaria aspera,-82.83903,24.72352
Acanthemblemaria aspera,-82.90277,24.60734
Acanthemblemaria aspera,-82.96134,24.5686
Acanthemblemaria aspera,-82.80151,24.66106
Acanthemblemaria aspera,-82.9025,24.61122
Acanthemblemaria aspera,-82.99723,24.69845
Acanthemblemaria aspera,-82.87169,24.59865
Acanthemblemaria aspera,-83.0244,24.66155
Acanthemblemaria aspera,-82.85067,24.71857
Acanthemblemaria aspera,-82.84827,24.69381
Acanthemblemaria aspera,-82.95522,24.65252
Acanthemblemaria aspera,-82.98818,24.71494
Acanthemblemaria aspera,-82.84247,24.71481
Acanthemblemaria aspera,-82.85615,24.64232
Acanthemblemaria aspera,-82.84258,24.71496
Acanthemblemaria aspera,-82.87381,24.60271
Acanthemblemaria aspera,-82.92942,24.61373
Acanthemblemaria aspera,-83.02607,24.67962
Acanthemblemaria aspera,-82.85894,24.62851
Acanthemblemaria aspera,-82.80419,24.72293
Acanthemblemaria aspera,-82.85821,24.66313
Acanthemblemaria aspera,-82.812,24.66267
Acanthemblemaria aspera,-82.92306,24.62035
Acanthemblemaria aspera,-82.94014,24.64471
Acanthemblemaria aspera,-82.90698,24.58201
Acanthemblemaria aspera,-82.93114,24.64292
Acanthemblemaria aspera,-83.01255,24.70544
Acanthemblemaria aspera,-82.97868,24.69397
Acanthemblemaria aspera,-82.94767,24.63213
Acanthemblemaria aspera,-82.87287,24.66729
Acanthemblemaria aspera,-82.85366,24.66156
Acanthemblemaria aspera,-82.80141,24.66101
Acanthemblemaria aspera,-82.99029,24.68324
Acanthemblemaria aspera,-82.98708,24.72227
Acanthemblemaria aspera,-82.933,24.60866
Acanthemblemaria aspera,-82.89683,24.61881
Acanthemblemaria aspera,-82.8643,24.61934
Acanthemblemaria aspera,-82.94328,24.57724
Acanthemblemaria aspera,-82.98834,24.71489
Acanthemblemaria aspera,-82.94888,24.56779
Acanthemblemaria aspera,-82.90674,24.58185
Acanthemblemaria aspera,-82.99448,24.6772
Acanthemblemaria aspera,-82.95488,24.546
Acanthemblemaria aspera,-82.94541,24.63121
Acanthemblemaria aspera,-82.90111,24.62183
Acanthemblemaria aspera,-83.01021,24.68072
Acanthemblemaria aspera,-82.95756,24.63837
Acanthemblemaria aspera,-82.97867,24.69394
Acanthemblemaria aspera,-82.88107,24.59177
Acanthemblemaria aspera,-82.95332,24.54764
Acanthemblemaria aspera,-82.99029,24.68324
Acanthemblemaria aspera,-82.90277,24.60734
Acanthemblemaria aspera,-83.01299,24.68566
Acanthemblemaria aspera,-82.92324,24.62026
Acanthemblemaria aspera,-82.93128,24.64283
Acanthemblemaria aspera,-82.99428,24.71494
Acanthemblemaria aspera,-82.99144,24.67719
Acanthemblemaria aspera,-82.92509,24.56908
Acanthemblemaria aspera,-83.01248,24.70549
Acanthemblemaria aspera,-82.92908,24.64423
Acanthemblemaria aspera,-83.01124,24.69393
Acanthemblemaria aspera,-82.80449,24.72623
Acanthemblemaria aspera,-82.96262,24.62483
Acanthemblemaria aspera,-82.83911,24.72343
Acanthemblemaria aspera,-82.85963,24.69694
Acanthemblemaria aspera,-82.93112,24.61147
Acanthemblemaria aspera,-82.86862,24.65709
Acanthemblemaria aspera,-82.81084,24.66871
Acanthemblemaria aspera,-82.90216,24.61427
Acanthemblemaria aspera,-82.94043,24.6391
Acanthemblemaria aspera,-82.94013,24.64482
Acanthemblemaria aspera,-82.99274,24.68183
Acanthemblemaria aspera,-82.99547,24.69742
Acanthemblemaria aspera,-82.96973,24.61995
Acanthemblemaria aspera,-83.01021,24.68072
Acanthemblemaria aspera,-82.79814,24.72669
Acanthemblemaria aspera,-83.02053,24.66255
Acanthemblemaria aspera,-82.83241,24.65357
Acanthemblemaria aspera,-82.93711,24.63043
Acanthemblemaria aspera,-82.94307,24.54199
Acanthemblemaria aspera,-82.96633,24.63333
Acanthemblemaria aspera,-82.96883,24.63093
Acanthemblemaria aspera,-83.02176,24.66657
Acanthemblemaria aspera,-82.92698,24.58212
Acanthemblemaria aspera,-82.83388,24.720580000000002
Acanthemblemaria aspera,-82.85003,24.72221
Acanthemblemaria aspera,-82.92516,24.61627
Acanthemblemaria aspera,-83.0088,24.70501
Acanthemblemaria aspera,-83.02607,24.67962
Acanthemblemaria aspera,-82.85604,24.64221
Acanthemblemaria aspera,-82.78411,24.723
Acanthemblemaria aspera,-82.98186,24.69314
Acanthemblemaria aspera,-82.94029,24.56468
Acanthemblemaria aspera,-83.01801,24.67824
Acanthemblemaria aspera,-82.8107,24.72435
Acanthemblemaria aspera,-82.86463,24.61952
Acanthemblemaria aspera,-82.9025,24.61122
Acanthemblemaria aspera,-82.80683,24.71991
Acanthemblemaria aspera,-82.83385,24.72065
Acanthemblemaria aspera,-82.96876,24.63096
Acanthemblemaria aspera,-82.98729,24.72224
Acanthemblemaria aspera,-83.01213,24.68256
Acanthemblemaria aspera,-82.85309,24.72283
Acanthemblemaria aspera,-82.87774,24.66398
Acanthemblemaria aspera,-82.92508,24.61646
Acanthemblemaria aspera,-82.8846,24.58933
Acanthemblemaria aspera,-82.8324,24.65349
Acanthemblemaria aspera,-82.94784,24.54366
Acanthemblemaria aspera,-82.85367,24.66136
Acanthemblemaria aspera,-82.91272,24.5757
Acanthemblemaria aspera,-82.94773,24.63216
Acanthemblemaria aspera,-82.80761,24.72118
Acanthemblemaria aspera,-82.94267,24.62948
Acanthemblemaria aspera,-82.9613,24.56852
Acanthemblemaria aspera,-82.94887,24.56783
Acanthemblemaria aspera,-83.01213,24.68256
Acanthemblemaria aspera,-82.90212,24.61438
Acanthemblemaria aspera,-82.81766,24.7248
Acanthemblemaria aspera,-83.01337,24.701
Acanthemblemaria aspera,-82.99314,24.68375
Acanthemblemaria aspera,-82.89694,24.61876
Acanthemblemaria aspera,-82.966309999999993,24.63315
Acanthemblemaria aspera,-82.99441,24.71511
Acanthemblemaria aspera,-82.94038,24.63908
Acanthemblemaria aspera,-82.87047,24.61113
Acanthemblemaria aspera,-82.81466,24.71959
Acanthemblemaria aspera,-82.80991,24.72734
Acanthemblemaria aspera,-82.94318,24.58912
Acanthemblemaria aspera,-82.90118,24.62184
Acanthemblemaria aspera,-82.95508,24.54613
Acanthemblemaria aspera,-82.99274,24.68183
Acanthemblemaria aspera,-82.96061,24.64922
Acanthemblemaria aspera,-82.81797,24.72701
Acanthemblemaria aspera,-83.0088,24.70501
Acanthemblemaria aspera,-82.94299,24.54212
Acanthemblemaria aspera,-82.91734,24.59659
Acanthemblemaria aspera,-82.81093,24.7243
Acanthemblemaria aspera,-82.94012,24.56466
Acanthemblemaria aspera,-82.84195,24.68833
Acanthemblemaria aspera,-82.88747,24.58659
Acanthemblemaria aspera,-82.91306,24.57572
Acanthemblemaria aspera,-82.87047,24.61129
Acanthemblemaria aspera,-83.02053,24.66255
Acanthemblemaria aspera,-82.92723,24.58179
Acanthemblemaria aspera,-82.91727,24.59642
Acanthemblemaria aspera,-82.85053,24.71854
Acanthemblemaria aspera,-82.80971,24.66958
Acanthemblemaria aspera,-82.87777,24.6641
Acanthemblemaria aspera,-82.9654,24.62957
Acanthemblemaria aspera,-82.94323,24.57739
Acanthemblemaria aspera,-82.84152,24.68923
Acanthemblemaria aspera,-82.95744,24.63825
Acanthemblemaria aspera,-82.88835,24.58288
Acanthemblemaria aspera,-82.88459,24.58932
Acanthemblemaria aspera,-82.85601,24.63783
Acanthemblemaria aspera,-82.84163,24.68923
Acanthemblemaria aspera,-82.85759,24.63125
Acanthemblemaria aspera,-82.84838,24.69383
Acanthemblemaria aspera,-82.85974,24.69691
Acanthemblemaria aspera,-83.01801,24.67824
Acanthemblemaria aspera,-82.81462,24.71971
Acanthemblemaria aspera,-83.00958,24.7002
Acanthemblemaria aspera,-82.80768,24.72118
Acanthemblemaria aspera,-82.872,24.6069
Acanthemblemaria aspera,-82.9746,24.57848
Acanthemblemaria aspera,-80.13253,25.40042
Acanthemblemaria aspera,-83.10128,24.62065
Acanthemblemaria aspera,-80.14462,25.41634
Acanthemblemaria aspera,-83.02108,24.63837
Acanthemblemaria aspera,-83.02108,24.63837
Acanthemblemaria aspera,-83.07762,24.66143
Acanthemblemaria aspera,-82.97003,24.59308
Acanthemblemaria aspera,-81.7166,24.47915
Acanthemblemaria aspera,-82.9688,24.59603
Acanthemblemaria aspera,-83.08224,24.6496
Acanthemblemaria aspera,-82.83008,24.62219
Acanthemblemaria aspera,-82.83304,24.64139
Acanthemblemaria aspera,-80.9431,24.6763
Acanthemblemaria aspera,-83.06023,24.68772
Acanthemblemaria aspera,-81.67674,24.49327
Acanthemblemaria aspera,-83.04174,24.70613
Acanthemblemaria aspera,-81.8442,24.45947
Acanthemblemaria aspera,-83.00996,24.65077
Acanthemblemaria aspera,-82.7836,24.71859
Acanthemblemaria aspera,-81.8543,24.45717
Acanthemblemaria aspera,-80.13427,25.41032
Acanthemblemaria aspera,-80.13862,25.41094
Acanthemblemaria aspera,-80.13244,25.40019
Acanthemblemaria aspera,-82.94478,24.60455
Acanthemblemaria aspera,-82.78432,24.65625
Acanthemblemaria aspera,-81.9163,24.4564
Acanthemblemaria aspera,-83.10296,24.64601
Acanthemblemaria aspera,-82.92491,24.69669
Acanthemblemaria aspera,-82.97822,24.60282
Acanthemblemaria aspera,-81.04663,24.64455
Acanthemblemaria aspera,-83.03769,24.61323
Acanthemblemaria aspera,-83.05814,24.67996
Acanthemblemaria aspera,-81.71051,24.48589
Acanthemblemaria aspera,-81.69464,24.5012
Acanthemblemaria aspera,-82.7837,24.66403
Acanthemblemaria aspera,-80.97561,24.6928
Acanthemblemaria aspera,-80.16372,25.40432
Acanthemblemaria aspera,-81.07075,24.66586
Acanthemblemaria aspera,-82.78432,24.65625
Acanthemblemaria aspera,-83.01419,24.66104
Acanthemblemaria aspera,-82.83918,24.64297
Acanthemblemaria aspera,-82.92964,24.66704
Acanthemblemaria aspera,-81.73291,24.4982
Acanthemblemaria aspera,-82.819820000000007,24.62635
Acanthemblemaria aspera,-82.94604,24.60071
Acanthemblemaria aspera,-82.88503,24.6875
Acanthemblemaria aspera,-80.13872,25.41124
Acanthemblemaria aspera,-81.97175,24.44646
Acanthemblemaria aspera,-83.08631,24.65168
Acanthemblemaria aspera,-82.7837,24.66403
Acanthemblemaria aspera,-83.03531,24.70221
Acanthemblemaria aspera,-81.40171,24.59774
Acanthemblemaria aspera,-81.92225,24.45572
Acanthemblemaria aspera,-80.15301,25.4124
Acanthemblemaria aspera,-80.13268,25.40112
Acanthemblemaria aspera,-83.10295,24.63482
Acanthemblemaria aspera,-82.01081,24.48119
Acanthemblemaria aspera,-83.03518,24.61279
Acanthemblemaria aspera,-83.0238,24.65021
Acanthemblemaria aspera,-80.97529,24.69315
Acanthemblemaria aspera,-82.84103,24.63534
Acanthemblemaria aspera,-83.07762,24.66143
Acanthemblemaria aspera,-82.7854,24.66105
Acanthemblemaria aspera,-82.98076,24.60658
Acanthemblemaria aspera,-83.0693,24.68209
Acanthemblemaria aspera,-83.08345,24.67692
Acanthemblemaria aspera,-81.45726,24.53375
Acanthemblemaria aspera,-82.7836,24.71859
Acanthemblemaria aspera,-82.78403,24.66321
Acanthemblemaria aspera,-81.73448,24.50928
Acanthemblemaria aspera,-82.77555,24.68187
Acanthemblemaria aspera,-82.81655,24.62562
Acanthemblemaria aspera,-82.79453,24.63847
Acanthemblemaria aspera,-82.8934,24.68494
Acanthemblemaria aspera,-81.97121,24.47007
Acanthemblemaria aspera,-80.13026,25.41392
Acanthemblemaria aspera,-83.03879,24.63638
Acanthemblemaria aspera,-82.88039,24.71996
Acanthemblemaria aspera,-82.9444,24.60776
Acanthemblemaria aspera,-82.78678,24.65265
Acanthemblemaria aspera,-81.86003,24.45662
Acanthemblemaria aspera,-80.94303,24.67647
Acanthemblemaria aspera,-80.96508,24.70071
Acanthemblemaria aspera,-81.71086,24.49112
Acanthemblemaria aspera,-83.10303,24.65014
Acanthemblemaria aspera,-83.10295,24.63482
Acanthemblemaria aspera,-83.08527,24.65601
Acanthemblemaria aspera,-83.05567,24.67876
Acanthemblemaria aspera,-81.8813,24.4546
Acanthemblemaria aspera,-81.03296,24.64883
Acanthemblemaria aspera,-82.88831,24.71864
Acanthemblemaria aspera,-83.07606,24.66284
Acanthemblemaria aspera,-83.05252,24.70538
Acanthemblemaria aspera,-82.92491,24.69669
Acanthemblemaria aspera,-82.77591,24.70857
Acanthemblemaria aspera,-81.70963,24.48652
Acanthemblemaria aspera,-82.84115,24.63536
Acanthemblemaria aspera,-83.06023,24.68772
Acanthemblemaria aspera,-83.07355,24.66551
Acanthemblemaria aspera,-81.03304,24.6484
Acanthemblemaria aspera,-83.09949,24.62398
Acanthemblemaria aspera,-80.13065,25.40481
Acanthemblemaria aspera,-82.83601,24.63876
Acanthemblemaria aspera,-83.05567,24.67876
Acanthemblemaria aspera,-83.02135,24.64127
Acanthemblemaria aspera,-81.04678,24.64462
Acanthemblemaria aspera,-81.98692,24.46417
Acanthemblemaria aspera,-81.918,24.44675
Acanthemblemaria aspera,-83.07355,24.66551
Acanthemblemaria aspera,-82.83606,24.63377
Acanthemblemaria aspera,-81.67649,24.49321
Acanthemblemaria aspera,-81.7169,24.47919
Acanthemblemaria aspera,-83.03464,24.6545
Acanthemblemaria aspera,-82.83003,24.62219
Acanthemblemaria aspera,-83.10296,24.64601
Acanthemblemaria aspera,-81.92799,24.44499
Acanthemblemaria aspera,-83.05277,24.70534
Acanthemblemaria aspera,-81.75434,24.5052
Acanthemblemaria aspera,-81.98939,24.46544
Acanthemblemaria aspera,-82.98779,24.59948
Acanthemblemaria aspera,-81.87793,24.45894
Acanthemblemaria aspera,-82.92753,24.67066
Acanthemblemaria aspera,-82.78795,24.65237
Acanthemblemaria aspera,-81.40156,24.59791
Acanthemblemaria aspera,-80.96407,24.6672
Acanthemblemaria aspera,-83.08631,24.65168
Acanthemblemaria aspera,-81.90471,24.44764
Acanthemblemaria aspera,-83.08521,24.6521
Acanthemblemaria aspera,-81.85971,24.45667
Acanthemblemaria aspera,-83.08345,24.67692
Acanthemblemaria aspera,-81.69966,24.48303
Acanthemblemaria aspera,-83.04266,24.70195
Acanthemblemaria aspera,-83.03338,24.65269
Acanthemblemaria aspera,-80.13032,25.41398
Acanthemblemaria aspera,-83.03464,24.6545
Acanthemblemaria aspera,-82.77866,24.72774
Acanthemblemaria aspera,-82.9448,24.60457
Acanthemblemaria aspera,-82.97454,24.57847
Acanthemblemaria aspera,-83.08521,24.6521
Acanthemblemaria aspera,-81.83918,24.46389
Acanthemblemaria aspera,-80.15645,25.41658
Acanthemblemaria aspera,-81.47133,24.54003
Acanthemblemaria aspera,-82.81645,24.62587
Acanthemblemaria aspera,-82.77555,24.68187
Acanthemblemaria aspera,-80.96475,24.70082
Acanthemblemaria aspera,-81.98917,24.46591
Acanthemblemaria aspera,-82.95677,24.58943
Acanthemblemaria aspera,-82.81462,24.63926
Acanthemblemaria aspera,-81.87688,24.46018
Acanthemblemaria aspera,-83.10207,24.64966
Acanthemblemaria aspera,-81.44388,24.58481
Acanthemblemaria aspera,-83.04844,24.69527
Acanthemblemaria aspera,-82.96213,24.59534
Acanthemblemaria aspera,-80.13268,25.40925
Acanthemblemaria aspera,-82.88503,24.6875
Acanthemblemaria aspera,-83.03559,24.63598
Acanthemblemaria aspera,-83.04774,24.70403
Acanthemblemaria aspera,-83.09976,24.6261
Acanthemblemaria aspera,-82.78644,24.6484
Acanthemblemaria aspera,-81.70874,24.50683
Acanthemblemaria aspera,-80.12874,25.40026
Acanthemblemaria aspera,-81.97166,24.44673
Acanthemblemaria aspera,-80.14474,25.41643
Acanthemblemaria aspera,-82.80365,24.63545
Acanthemblemaria aspera,-83.02104,24.64002
Acanthemblemaria aspera,-82.7854,24.66105
Acanthemblemaria aspera,-82.93718,24.66093
Acanthemblemaria aspera,-81.06351,24.63812
Acanthemblemaria aspera,-82.78328,24.69888
Acanthemblemaria aspera,-82.89794,24.68425
Acanthemblemaria aspera,-83.06887,24.66428
Acanthemblemaria aspera,-81.87274,24.47007
Acanthemblemaria aspera,-83.03769,24.61323
Acanthemblemaria aspera,-80.14877,25.40219
Acanthemblemaria aspera,-81.90956,24.43607
Acanthemblemaria aspera,-81.75446,24.5051
Acanthemblemaria aspera,-81.87936,24.4526
Acanthemblemaria aspera,-83.10303,24.65014
Acanthemblemaria aspera,-83.06112,24.69183
Acanthemblemaria aspera,-83.04772,24.70398
Acanthemblemaria aspera,-83.03539,24.70195
Acanthemblemaria aspera,-81.44384,24.58472
Acanthemblemaria aspera,-83.02135,24.64127
Acanthemblemaria aspera,-81.47153,24.53984
Acanthemblemaria aspera,-83.08386,24.67505
Acanthemblemaria aspera,-81.95008,24.44697
Acanthemblemaria aspera,-82.79028,24.64215
Acanthemblemaria aspera,-82.79508,24.63506
Acanthemblemaria aspera,-82.78403,24.66321
Acanthemblemaria aspera,-82.97288,24.5781
Acanthemblemaria aspera,-82.81892,24.64112
Acanthemblemaria aspera,-80.13059,25.40491
Acanthemblemaria aspera,-82.8261,24.62688
Acanthemblemaria aspera,-82.78366,24.70839
Acanthemblemaria aspera,-82.98082,24.60668
Acanthemblemaria aspera,-81.71171,24.48073
Acanthemblemaria aspera,-81.70899,24.50696
Acanthemblemaria aspera,-83.07414,24.68317
Acanthemblemaria aspera,-83.03725,24.61055
Acanthemblemaria aspera,-81.70895,24.50851
Acanthemblemaria aspera,-81.8799,24.45188
Acanthemblemaria aspera,-82.77866,24.72774
Acanthemblemaria aspera,-82.94611,24.60068
Acanthemblemaria aspera,-82.97684,24.57175
Acanthemblemaria aspera,-82.83918,24.64307
Acanthemblemaria aspera,-82.96977,24.5932
Acanthemblemaria aspera,-82.841,24.63955
Acanthemblemaria aspera,-83.0189,24.64974
Acanthemblemaria aspera,-83.04751,24.69762
Acanthemblemaria paula,-88.08,16.79
Acanthemblemaria paula,-88.0881,16.7494
Acanthemblemaria paula,-88.08,16.8
Acanthemblemaria paula,-88.065,16.781667
Acanthemblemaria paula,-88.065,16.781667
Acanthemblemaria paula,-88.065,16.781667
Acanthemblemaria paula,-88.067,16.783
Acanthemblemaria paula,-88.0667,16.7833
Acanthemblemaria paula,-88,17
Acanthemblemaria paula,-88,17
Acanthemblemaria paula,-87.929146,17.950204
Acanthemblemaria paula,-88.082241,16.801938
Acanthemblemaria paula,-88.081425,16.802431
Acanthemblemaria paula,-87.784865,16.753911
Acanthemblemaria paula,-88.038397,17.386077
Acanthemblemaria paula,-88.038397,17.386077
Acanthemblemaria paula,-88.081425,16.802431
Acanthemblemaria paula,-88.08265,16.801866
Acanthemblemaria paula,-88.081425,16.802431
Acanthemblemaria paula,-88.05,16.518791
Acanthemblemaria paula,-88.05,16.518791
Acanthemblemaria paula,-87.78799,16.758506
Acanthemblemaria medusa,-60.846,11.1861
Acanthemblemaria medusa,-60.846,11.1861
Acanthemblemaria medusa,-60.5496,11.3217
Acanthemblemaria medusa,-63.11,11.36
Acanthemblemaria medusa,-68.299123,12.178001
Acanthemblemaria medusa,-68.299123,12.178001
Acanthemblemaria medusa,-68.299123,12.178001
Acanthemblemaria medusa,-60.825,11.1867
Acanthemblemaria medusa,-60.5575,11.3206
Acanthemblemaria medusa,-60.52,11.3144
Acanthemblemaria medusa,-60.5517,11.3189
Acanthemblemaria medusa,-60.5517,11.3189
Acanthemblemaria medusa,-60.5067,11.3067
Acanthemblemaria medusa,-60.5508,11.3353
Acanthemblemaria medusa,-60.5294,11.3561
Acanthemblemaria medusa,-60.5294,11.3561
Acanthemblemaria medusa,-60.5017,11.3056
Acanthemblemaria medusa,-60.5017,11.3056
Acanthemblemaria medusa,-60.825,11.1867
Acanthemblemaria medusa,-60.6294,11.3039
Acanthemblemaria medusa,-60.5494,11.3256
Acanthemblemaria medusa,-60.896667,14.42
Acanthemblemaria medusa,-61.2,13.25
Acanthemblemaria medusa,-61.383553,12.541566
Acanthemblemaria medusa,-66.896255,11.80104
